<?xml version="1.0" encoding="UTF-8" ?>
<module>
	<name>settaggio</name>
	<displayName><![CDATA[Settaggio Provvigione]]></displayName>
	<version><![CDATA[1.0]]></version>
	<description><![CDATA[Settaggio Provvigione]]></description>
	<author><![CDATA[Riccardo Amadio]]></author>
	<tab><![CDATA[others]]></tab>
	<confirmUninstall><![CDATA[Are you sure you want to uninstall?]]></confirmUninstall>
	<is_configurable>1</is_configurable>
	<need_instance>0</need_instance>
	<limited_countries></limited_countries>
</module>